<?xml version="1.0" encoding="UTF-8"?>
<beans xmlns="http://www.springframework.org/schema/beans"
	xmlns:xsi="http://www.w3.org/2001/XMLSchema-instance"
	xmlns:context="http://www.springframework.org/schema/context"
	xsi:schemaLocation="http://www.springframework.org/schema/beans http://www.springframework.org/schema/beans/spring-beans-4.3.xsd
		http://www.springframework.org/schema/context http://www.springframework.org/schema/context/spring-context-4.3.xsd">	
	<context:annotation-config/>
	<context:component-scan base-package="org.cts"/>
	<!-- <context:property-placeholder location="database.properties"/> -->
	<bean name="dataSource" class="org.springframework.jdbc.datasource.DriverManagerDataSource">
			<property name="driverClassName" value="com.mysql.jdbc.Driver"/>
			<property name="url" value="jdbc:mysql://localhost:3306/employee"/>
			<property name="username" value="root"/>
			<property name="password" value="root"/>
	</bean>
	<bean name="template" class="org.springframework.jdbc.core.JdbcTemplate">
		<property name="dataSource" ref="dataSource"/>
	</bean>
	
	
</beans>
